,bill_length_mm,bill_depth_mm,flipper_length_mm,body_mass_g
mean,38.79139072847682,18.346357615894043,189.95364238410596,3700.662251655629
std,2.6634048483686197,1.2166497625001254,6.539457417191298,458.5661259101347
min,32.1,15.5,172.0,2850.0
max,46.0,21.5,210.0,4775.0
