,bill_length_mm,bill_depth_mm,flipper_length_mm,body_mass_g
t_statistic,8.776549679516735,8.927970976349796,4.5588666963515765,13.126285923485874
p_value,4.440459831648315e-15,1.8442146481787836e-15,1.08977531716496e-05,2.2206436307866114e-26
effect_size,1.4527048392758546,1.4777682706596245,0.7545889846507579,2.172678305151056
